Player,Total_First_Pitches,First_Pitch_Swings,First_Pitch_InPlay,First_Pitch_XBH,xBA,BatterHand,1B,2B,HR,Team,Swing%,InPlay%,XBH%
"Abbott, Andrew",93,92,92,5,0.317,R,20,4,1,PIT,98.9,98.9,5.4
"Abel, Mick",21,20,20,1,0.265,R,5,1,0,TB,95.2,95.2,4.8
"Abreu, Bryan",34,34,34,2,0.379,R,8,1,1,MIA,100.0,100.0,5.9
"Adam, Jason",19,18,18,0,0.164,L,2,0,0,SEA,94.7,94.7,0.0
"Adams, Travis",12,11,11,1,0.517,L,5,0,1,CWS,91.7,91.7,8.3
"Agnos, Zach",27,28,28,5,0.402,R,4,3,2,HOU,103.7,103.7,18.5
"Akin, Keegan",37,36,36,6,0.275,R,5,5,1,NYY,97.3,97.3,16.2
"Alcala, Jorge",26,25,25,2,0.195,R,4,2,0,PIT,96.2,96.2,7.7
"Alcantara, Sandy",95,92,92,12,0.349,R,24,9,3,CWS,96.8,96.8,12.6
"Alexander, Jason",54,54,54,10,0.378,R,7,8,2,LAA,100.0,100.0,18.5
"Alexander, Tyler",56,55,55,3,0.346,R,14,2,1,CIN,98.2,98.2,5.4
"Allard, Kolby",36,36,35,1,0.245,R,9,0,1,KC,100.0,97.2,2.8
"Allen, Logan",81,80,80,4,0.291,R,22,3,1,SEA,98.8,98.8,4.9
"Altavilla, Dan",20,20,20,4,0.309,L,1,1,3,BOS,100.0,100.0,20.0
"Alvarado, Elvis",19,19,19,5,0.367,R,3,4,1,HOU,100.0,100.0,26.3
"Alvarado, José",17,17,17,5,0.587,R,3,2,3,WSH,100.0,100.0,29.4
"Anderson, Grant",33,33,33,3,0.415,R,6,2,1,KC,100.0,100.0,9.1
"Anderson, Shaun",10,10,10,3,0.313,L,2,1,2,SEA,100.0,100.0,30.0
"Anderson, Tyler",69,68,68,10,0.332,R,13,4,6,HOU,98.6,98.6,14.5
"Armstrong, Shawn",37,36,36,3,0.315,R,3,1,2,LAD,97.3,97.3,8.1
"Arrighetti, Spencer",15,18,18,3,0.487,L,2,2,1,LAA,120.0,120.0,20.0
"Ashby, Aaron",38,37,37,2,0.275,R,6,2,0,KC,97.4,97.4,5.3
"Ashcraft, Braxton",43,41,41,3,0.308,R,9,2,1,BAL,95.3,95.3,7.0
"Ashcraft, Graham",43,43,43,3,0.246,L,7,3,0,TEX,100.0,100.0,7.0
"Assad, Javier",28,27,27,2,0.29,R,5,1,1,ATH,96.4,96.4,7.1
"Bachar, Lake",29,29,29,4,0.234,R,1,4,0,CWS,100.0,100.0,13.8
"Bachman, Sam",18,18,18,3,0.376,R,4,3,0,SEA,100.0,100.0,16.7
"Backhus, Kyle",15,15,15,2,0.317,R,2,1,1,COL,100.0,100.0,13.3
"Baker, Bryan",34,34,34,4,0.317,R,7,2,2,TOR,100.0,100.0,11.8
"Banda, Anthony",34,32,32,2,0.28,R,7,1,1,TB,94.1,94.1,5.9
"Banks, Tanner",30,30,30,4,0.325,R,5,1,3,WSH,100.0,100.0,13.3
"Barlow, Scott",18,18,18,0,0.299,R,5,0,0,TOR,100.0,100.0,0.0
"Bassitt, Chris",104,100,99,9,0.339,L,24,5,4,PIT,96.2,95.2,8.7
"Bautista, Félix",10,10,10,1,0.246,R,1,0,1,TB,100.0,100.0,10.0
"Baz, Shane",107,104,104,18,0.303,R,21,10,8,PIT,97.2,97.2,16.8
"Bazardo, Eduard",36,36,36,2,0.271,R,3,0,2,TOR,100.0,100.0,5.6
"Beck, Tristan",35,35,35,4,0.435,L,5,2,2,TEX,100.0,100.0,11.4
"Bednar, David",24,24,24,4,0.33,R,5,1,3,SF,100.0,100.0,16.7
"Beeks, Jalen",38,37,37,6,0.316,R,5,4,2,SEA,97.4,97.4,15.8
"Beeter, Clayton",12,12,12,0,0.364,R,1,0,0,LAD,100.0,100.0,0.0
"Bello, Brayan",94,91,91,5,0.329,L,21,3,2,MIL,96.8,96.8,5.3
"Bellozo, Valente",57,57,57,8,0.331,R,11,4,4,PHI,100.0,100.0,14.0
"Bender, Anthony",21,20,20,0,0.361,R,7,0,0,NYY,95.2,95.2,0.0
"Bergert, Ryan",28,28,28,1,0.336,L,6,1,0,SF,100.0,100.0,3.6
"Bernardino, Brennan",33,33,32,3,0.218,R,4,2,1,PHI,100.0,97.0,9.1
"Berríos, José",105,103,103,13,0.32,R,20,5,8,TB,98.1,98.1,12.4
"Bibee, Tanner",120,119,119,13,0.348,L,27,4,9,KC,99.2,99.2,10.8
"Bido, Osvaldo",52,52,52,7,0.361,R,15,3,4,LAA,100.0,100.0,13.5
"Bieber, Shane",32,32,32,3,0.32,L,5,3,0,LAD,100.0,100.0,9.4
"Bird, Jake",23,20,20,4,0.388,L,6,2,2,MIA,87.0,87.0,17.4
"Birdsong, Hayden",33,31,31,3,0.222,R,1,3,0,ATL,93.9,93.9,9.1
"Bivens, Spencer",41,39,39,1,0.302,L,10,1,0,TEX,95.1,95.1,2.4
"Blackburn, Paul",23,23,23,3,0.382,R,5,1,2,SEA,100.0,100.0,13.0
"Blalock, Bradley",33,32,32,2,0.293,L,6,0,2,SEA,97.0,97.0,6.1
"Blanco, Ronel",21,21,21,0,0.198,R,5,0,0,TEX,100.0,100.0,0.0
"Blewett, Scott",31,29,29,2,0.292,R,8,0,2,NYM,93.5,93.5,6.5
"Blubaugh, AJ",19,19,19,2,0.239,R,1,0,2,ATH,100.0,100.0,10.5
"Booser, Cam",18,17,17,5,0.43,R,3,1,4,PIT,94.4,94.4,27.8
"Borucki, Ryan",14,14,14,1,0.264,R,3,1,0,NYM,100.0,100.0,7.1
"Boushley, Caleb",33,32,32,4,0.345,R,8,3,1,HOU,97.0,97.0,12.1
"Bowlan, Jonathan",26,26,26,3,0.222,R,3,3,0,WSH,100.0,100.0,11.5
"Bowman, Matt",13,13,13,2,0.461,R,3,1,1,BOS,100.0,100.0,15.4
"Boyd, Matthew",106,106,106,14,0.35,R,25,9,5,LAA,100.0,100.0,13.2
"Boyle, Joe",21,22,22,5,0.329,L,4,3,2,STL,104.8,104.8,23.8
"Bradish, Kyle",24,24,24,4,0.369,L,4,1,3,MIN,100.0,100.0,16.7
"Bradley, Taj",82,86,86,6,0.341,L,27,4,2,KC,104.9,104.9,7.3
"Brash, Matt",18,18,18,1,0.343,R,4,0,1,SD,100.0,100.0,5.6
"Brasier, Ryan",13,13,13,0,0.333,R,2,0,0,CWS,100.0,100.0,0.0
"Brazobán, Huascar",34,33,33,1,0.261,R,4,0,1,SF,97.1,97.1,2.9
"Brebbia, John",16,15,15,4,0.338,R,2,2,2,SF,93.8,93.8,25.0
"Brogdon, Connor",32,31,31,4,0.304,L,6,1,3,CHC,96.9,96.9,12.5
"Brown, Ben",65,67,67,7,0.315,R,12,2,5,CLE,103.1,103.1,10.8
"Brown, Hunter",74,72,71,6,0.317,R,15,1,5,BOS,97.3,95.9,8.1
"Brown, McCade",13,13,13,4,0.357,R,2,1,3,SF,100.0,100.0,30.8
"Brubaker, JT",16,16,16,1,0.295,L,2,1,0,NYM,100.0,100.0,6.2
"Bruihl, Justin",15,15,15,2,0.314,L,5,1,1,DET,100.0,100.0,13.3
"Brzykcy, Zach",12,11,11,1,0.318,R,4,1,0,STL,91.7,91.7,8.3
"Bubic, Kris",64,63,63,4,0.314,R,11,3,1,MIL,98.4,98.4,6.2
"Buehler, Walker",88,83,83,9,0.334,L,17,2,7,BOS,94.3,94.3,10.2
"Bummer, Aaron",20,19,19,3,0.43,R,4,2,1,LAA,95.0,95.0,15.0
"Burgos, Juan",12,11,11,1,0.402,R,2,1,0,CLE,91.7,91.7,8.3
"Burke, Brock",34,34,34,4,0.34,L,9,2,2,PIT,100.0,100.0,11.8
"Burke, Sean",87,85,85,14,0.39,R,15,6,8,TOR,97.7,97.7,16.1
"Burnes, Corbin",33,34,34,5,0.333,L,9,2,3,WSH,103.0,103.0,15.2
"Burns, Chase",34,34,34,6,0.347,R,5,4,2,TEX,100.0,100.0,17.6
"Burrows, Mike",52,49,49,7,0.314,L,11,2,5,BOS,94.2,94.2,13.5
"Buttó, José",33,34,34,5,0.378,R,9,3,2,SD,103.0,103.0,15.2
"Cabrera, Edward",73,69,69,12,0.342,L,13,6,6,CLE,94.5,94.5,16.4
"Cabrera, Génesis",18,18,18,3,0.298,L,1,0,3,CWS,100.0,100.0,16.7
"Cameron, Noah",64,64,64,3,0.285,R,8,0,3,CLE,100.0,100.0,4.7
"Canning, Griffin",31,31,31,1,0.399,L,12,0,1,ATL,100.0,100.0,3.2
"Cannon, Jonathan",67,67,67,14,0.431,L,17,8,6,NYY,100.0,100.0,20.9
"Cano, Yennier",35,35,35,3,0.335,L,8,1,2,TEX,100.0,100.0,8.6
"Cantillo, Joey",42,42,42,3,0.317,R,11,1,2,CHC,100.0,100.0,7.1
"Carrasco, Carlos",21,21,21,3,0.397,L,4,2,1,MIA,100.0,100.0,14.3
"Casparius, Ben",41,41,41,4,0.397,R,12,3,1,LAA,100.0,100.0,9.8
"Castillo, José",26,24,24,4,0.294,R,3,1,3,NYY,92.3,92.3,15.4
"Castillo, Luis",112,109,109,11,0.296,R,18,6,5,LAA,97.3,97.3,9.8
"Cavalli, Cade",37,34,34,4,0.332,L,6,3,1,PHI,91.9,91.9,10.8
"Cease, Dylan",62,62,62,7,0.335,R,20,4,3,CWS,100.0,100.0,11.3
"Cecconi, Slade",69,69,69,11,0.346,R,9,5,6,CHC,100.0,100.0,15.9
"Chafin, Andrew",17,17,17,0,0.227,L,3,0,0,PIT,100.0,100.0,0.0
"Chandler, Bubba",21,21,21,2,0.298,R,3,2,0,SD,100.0,100.0,9.5
"Chapman, Aroldis",35,35,35,1,0.238,R,6,0,1,SD,100.0,100.0,2.9
"Chivilli, Angel",35,34,34,2,0.354,R,9,0,2,BOS,97.1,97.1,5.7
"Civale, Aaron",56,55,55,10,0.324,R,8,5,5,ATL,98.2,98.2,17.9
"Clarke, Taylor",20,19,19,2,0.433,R,7,1,1,LAD,95.0,95.0,10.0
"Clase, Emmanuel",28,28,28,2,0.24,L,7,2,0,BAL,100.0,100.0,7.1
"Cleavinger, Garrett",38,35,35,5,0.46,R,11,1,4,STL,92.1,92.1,13.2
"Clevinger, Mike",10,9,9,1,0.159,L,3,0,1,ATL,90.0,90.0,10.0
"Corbin, Patrick",83,82,82,12,0.36,R,13,7,5,CLE,98.8,98.8,14.5
"Cortes, Nestor",18,18,18,4,0.486,R,6,0,4,BAL,100.0,100.0,22.2
"Coulombe, Danny",19,19,19,0,0.285,L,6,0,0,CIN,100.0,100.0,0.0
"Cox, Austin",14,14,14,3,0.414,R,3,1,2,PHI,100.0,100.0,21.4
"Crismatt, Nabil",21,21,21,0,0.329,R,6,0,0,LAD,100.0,100.0,0.0
"Criswell, Cooper",23,25,25,2,0.312,R,7,2,0,NYY,108.7,108.7,8.7
"Crochet, Garrett",118,119,119,10,0.321,R,27,3,7,HOU,100.8,100.8,8.5
"Cruz, Fernando",20,20,20,3,0.226,R,2,1,2,MIA,100.0,100.0,15.0
"Cruz, Steven",31,30,30,3,0.176,R,4,2,1,TOR,96.8,96.8,9.7
"Curtiss, John",20,20,20,4,0.276,R,0,4,0,SD,100.0,100.0,20.0
"Curvelo, Luis",11,11,11,0,0.278,R,3,0,0,KC,100.0,100.0,0.0
"Dana, Caden",17,16,16,0,0.28,R,4,0,0,HOU,94.1,94.1,0.0
"Darvish, Yu",33,30,30,4,0.346,L,5,1,3,AZ,90.9,90.9,12.1
"De Los Santos, Enyel",31,31,31,2,0.301,R,5,1,1,COL,100.0,100.0,6.5
"De los Santos, Yerry",25,24,24,1,0.332,R,6,0,1,CHC,96.0,96.0,4.0
"DeSclafani, Anthony",27,24,24,5,0.31,R,0,2,3,MIN,88.9,88.9,18.5
"Detmers, Reid",24,25,25,2,0.396,R,8,2,0,SEA,104.2,104.2,8.3
"Dobbins, Hunter",33,33,33,8,0.346,L,8,4,4,TB,100.0,100.0,24.2
"Dodd, Dylan",17,17,17,3,0.313,R,3,3,0,PIT,100.0,100.0,17.6
"Dollander, Chase",59,59,59,9,0.439,L,16,6,3,PHI,100.0,100.0,15.3
"Domínguez, Seranthony",23,22,22,3,0.344,L,3,2,1,LAD,95.7,95.7,13.0
"Doval, Camilo",31,29,29,1,0.232,R,5,1,0,SF,93.5,93.5,3.2
"Dreyer, Jack",38,37,37,4,0.213,R,4,3,1,LAA,97.4,97.4,10.5
"Dubin, Shawn",19,18,18,1,0.316,R,3,1,0,SD,94.7,94.7,5.3
"Dunning, Dane",11,11,11,2,0.336,R,3,1,1,ATH,100.0,100.0,18.2
"Duran, Jhoan",34,33,33,2,0.291,R,10,2,0,COL,97.1,97.1,5.9
"Díaz, Edwin",27,23,23,1,0.272,L,3,1,0,MIA,85.2,85.2,3.7
"Early, Connelly",11,10,10,1,0.314,R,3,1,0,SD,90.9,90.9,9.1
"Effross, Scott",11,11,11,2,0.293,L,2,2,0,PHI,100.0,100.0,18.2
"Eflin, Zach",44,44,44,9,0.371,L,9,4,5,TEX,100.0,100.0,20.5
"Eisert, Brandon",34,31,31,8,0.269,R,5,5,3,KC,91.2,91.2,23.5
"Elder, Bryce",101,101,101,15,0.334,R,20,9,6,AZ,100.0,100.0,14.9
"Englert, Mason",24,24,24,2,0.311,R,5,1,1,MIL,100.0,100.0,8.3
"Enns, Dietrich",28,28,28,3,0.319,R,5,1,2,TB,100.0,100.0,10.7
"Enright, Nic",16,16,16,0,0.229,R,3,0,0,TEX,100.0,100.0,0.0
"Eovaldi, Nathan",66,67,67,7,0.309,R,12,4,3,BAL,101.5,101.5,10.6
"Erceg, Lucas",31,31,31,4,0.359,L,6,2,2,MIL,100.0,100.0,12.9
"Estes, Joey",16,16,16,3,0.224,L,3,1,2,SEA,100.0,100.0,18.8
"Estrada, Jeremiah",38,37,37,5,0.345,R,7,3,2,SF,97.4,97.4,13.2
"Estévez, Carlos",32,30,30,3,0.319,R,7,3,0,ATL,93.8,93.8,9.4
"Evans, Logan",41,41,41,4,0.31,L,9,3,1,BAL,100.0,100.0,9.8
"Fairbanks, Pete",21,23,23,2,0.209,R,4,2,0,NYY,109.5,109.5,9.5
"Falter, Bailey",64,64,64,6,0.3,R,14,3,3,MIN,100.0,100.0,9.4
"Farris, Mitch",14,13,13,1,0.276,R,1,1,0,LAD,92.9,92.9,7.1
"Faucher, Calvin",35,34,34,1,0.396,L,12,1,0,COL,97.1,97.1,2.9
"Fedde, Erick",107,107,107,7,0.271,L,23,4,3,BAL,100.0,100.0,6.5
"Feltner, Ryan",29,29,29,5,0.317,L,3,2,3,HOU,100.0,100.0,17.2
"Ferguson, Caleb",32,31,31,1,0.247,R,2,1,0,TOR,96.9,96.9,3.1
"Ferguson, Tyler",24,24,24,0,0.198,R,3,0,0,KC,100.0,100.0,0.0
"Fernandez, Ryan",15,15,15,3,0.275,R,3,1,2,SF,100.0,100.0,20.0
"Ferrer, Jose A.",56,53,53,6,0.32,R,8,2,4,LAA,94.6,94.6,10.7
"Festa, David",28,26,26,2,0.3,R,5,2,0,LAD,92.9,92.9,7.1
"Festa, Matt",38,36,36,3,0.24,R,6,2,1,CHC,94.7,94.7,7.9
"Finnegan, Kyle",30,28,28,2,0.29,L,6,2,0,STL,93.3,93.3,6.7
"Fisher, Braydon",12,12,12,3,0.419,R,2,2,1,SEA,100.0,100.0,25.0
"Fitts, Richard",33,31,31,4,0.391,R,7,0,4,WSH,93.9,93.9,12.1
"Flaherty, Jack",91,90,90,13,0.373,L,19,7,6,STL,98.9,98.9,14.3
"Flexen, Chris",28,27,27,1,0.292,R,5,0,1,MIL,96.4,96.4,3.6
"Fluharty, Mason",22,22,21,2,0.209,R,3,2,0,CWS,100.0,95.5,9.1
"Francis, Bowden",39,38,38,4,0.391,L,12,1,3,PHI,97.4,97.4,10.3
"Freeland, Kyle",120,119,119,9,0.401,R,35,7,2,TOR,99.2,99.2,7.5
"Fried, Max",134,131,131,13,0.33,R,33,6,7,MIA,97.8,97.8,9.7
"Fuentes, Didier",14,12,12,4,0.426,L,1,1,3,KC,85.7,85.7,28.6
"Fulmer, Carson",22,22,22,3,0.376,R,7,1,2,ATL,100.0,100.0,13.6
"Funderburk, Kody",22,21,21,2,0.33,R,5,2,0,KC,95.5,95.5,9.1
"Gaddis, Hunter",33,33,33,1,0.33,R,7,1,0,DET,100.0,100.0,3.0
"Gage, Matt",23,22,22,1,0.289,L,5,1,0,NYM,95.7,95.7,4.3
"Gallen, Zac",118,117,117,12,0.344,R,19,7,5,DET,99.2,99.2,10.2
"Garabito, Gerson",12,12,11,0,0.219,L,2,0,0,CHC,100.0,91.7,0.0
"Garcia, Rico",14,14,14,1,0.277,L,1,0,1,CWS,100.0,100.0,7.1
"Garcia, Robert",45,45,45,6,0.34,R,8,4,2,SEA,100.0,100.0,13.3
"García, Luis",35,34,34,6,0.388,R,12,5,1,PIT,97.1,97.1,17.1
"Garrett, Reed",24,23,23,3,0.386,R,6,3,0,TEX,95.8,95.8,12.5
"Gasser, Robert",12,10,10,2,0.342,R,3,1,1,SD,83.3,83.3,16.7
"Gausman, Kevin",132,131,130,12,0.304,R,18,7,5,COL,99.2,98.5,9.1
"Gibaut, Ian",16,16,16,0,0.282,R,4,0,0,NYY,100.0,100.0,0.0
"Gibson, Cade",26,23,23,2,0.32,L,5,1,1,HOU,88.5,88.5,7.7
"Gibson, Kyle",12,12,12,3,0.412,L,2,1,2,LAA,100.0,100.0,25.0
"Gil, Luis",34,34,34,3,0.278,L,5,2,1,BAL,100.0,100.0,8.8
"Gilbert, Logan",86,85,85,11,0.308,R,15,4,7,TEX,98.8,98.8,12.8
"Gilbert, Tyler",26,25,25,4,0.365,R,6,2,2,MIL,96.2,96.2,15.4
"Gillispie, Connor",16,16,16,3,0.361,L,3,2,1,SEA,100.0,100.0,18.8
"Ginkel, Kevin",21,21,21,3,0.28,R,4,3,0,LAD,100.0,100.0,14.3
"Ginn, J.T.",39,37,37,8,0.346,L,3,3,5,HOU,94.9,94.9,20.5
"Giolito, Lucas",73,72,72,8,0.353,R,14,5,3,TOR,98.6,98.6,11.0
"Gipson-Long, Sawyer",20,19,19,1,0.257,R,4,1,0,NYY,95.0,95.0,5.0
"Glasnow, Tyler",58,57,57,7,0.3,L,12,3,4,WSH,98.3,98.3,12.1
"Gomber, Austin",40,40,40,9,0.378,R,10,6,3,AZ,100.0,100.0,22.5
"Gonsolin, Tony",23,23,23,4,0.348,L,4,1,3,NYM,100.0,100.0,17.4
"Gordon, Colton",53,53,53,8,0.39,R,11,0,8,LAA,100.0,100.0,15.1
"Gordon, Tanner",50,50,50,8,0.433,R,13,5,3,LAA,100.0,100.0,16.0
"Gore, MacKenzie",75,74,74,8,0.396,R,18,5,3,CIN,98.7,98.7,10.7
"Graceffo, Gordon",35,34,34,4,0.344,R,4,4,0,DET,97.1,97.1,11.4
"Granillo, Andre",11,11,11,1,0.216,R,0,0,1,LAD,100.0,100.0,9.1
"Gray, Sonny",118,118,118,18,0.363,R,30,10,8,SD,100.0,100.0,15.3
"Green, Chad",31,30,30,6,0.334,R,4,2,4,BAL,96.8,96.8,19.4
"Greene, Hunter",53,52,52,8,0.273,R,8,3,5,LAD,98.1,98.1,15.1
"Guerrero, Luis",12,12,12,0,0.193,L,3,0,0,BOS,100.0,100.0,0.0
"Gusto, Ryan",71,68,68,10,0.326,R,10,6,4,ATL,95.8,95.8,14.1
"Gómez, Yoendrys",29,27,27,4,0.302,L,4,2,2,MIN,93.1,93.1,13.8
"Hader, Josh",17,16,15,4,0.231,R,0,3,1,NYY,94.1,88.2,23.5
"Hagenman, Justin",10,9,9,1,0.251,L,2,1,0,DET,90.0,90.0,10.0
"Hall, DL",21,21,21,1,0.288,R,3,0,1,CIN,100.0,100.0,4.8
"Halvorsen, Seth",26,26,26,2,0.316,R,6,2,0,SF,100.0,100.0,7.7
"Hamilton, Ian",27,26,26,2,0.339,R,4,1,1,TB,96.3,96.3,7.4
"Hancock, Emerson",64,61,61,6,0.346,R,12,3,3,LAA,95.3,95.3,9.4
"Hanifee, Brenan",39,39,39,3,0.306,R,7,1,2,NYY,100.0,100.0,7.7
"Harrington, Thomas",10,10,10,2,0.244,R,3,2,0,COL,100.0,100.0,20.0
"Harris, Hogan",42,42,42,8,0.412,R,10,3,5,HOU,100.0,100.0,19.0
"Harrison, Kyle",23,23,23,3,0.248,R,6,3,0,KC,100.0,100.0,13.0
"Hart, Kyle",29,29,29,4,0.31,R,3,1,3,BOS,100.0,100.0,13.8
"Hatch, Thomas",29,29,29,2,0.242,L,5,1,1,CLE,100.0,100.0,6.9
"Headrick, Brent",14,14,14,1,0.4,L,4,1,0,SEA,100.0,100.0,7.1
"Heaney, Andrew",61,60,60,11,0.403,R,13,5,6,MIL,98.4,98.4,18.0
"Heineman, Tyler",17,17,17,5,0.595,R,7,3,2,LAD,100.0,100.0,29.4
"Helsley, Ryan",28,28,28,3,0.312,L,10,2,1,CWS,100.0,100.0,10.7
"Hendricks, Kyle",86,89,89,10,0.328,L,21,6,4,COL,103.5,103.5,11.6
"Henriquez, Edgardo",12,12,12,0,0.148,R,2,0,0,SF,100.0,100.0,0.0
"Henriquez, Ronny",33,30,30,2,0.31,R,6,2,0,COL,90.9,90.9,6.1
"Henry, Cole",28,26,26,6,0.374,L,7,1,5,PHI,92.9,92.9,21.4
"Herget, Jimmy",39,37,37,6,0.352,R,9,4,2,SF,94.9,94.9,15.4
"Hernández, Carlos",25,25,25,3,0.422,R,5,2,1,ATL,100.0,100.0,12.0
"Hernández, Daysbel",18,18,18,1,0.199,R,2,0,1,SEA,100.0,100.0,5.6
"Herrin, Tim",24,22,22,3,0.31,R,4,3,0,AZ,91.7,91.7,12.5
"Hicks, Jordan",47,43,43,3,0.275,R,11,2,1,TOR,91.5,91.5,6.4
"Hill, Jaden",15,15,15,0,0.179,L,2,0,0,PHI,100.0,100.0,0.0
"Hill, Tim",50,50,50,3,0.252,R,7,1,2,MIA,100.0,100.0,6.0
"Hodge, Porter",11,13,13,3,0.424,L,2,1,2,CIN,118.2,118.2,27.3
"Hoffman, Jeff",39,39,39,9,0.452,L,10,3,6,CWS,100.0,100.0,23.1
"Hoffmann, Andrew",15,14,14,0,0.158,R,2,0,0,LAD,93.3,93.3,0.0
"Hoglund, Gunnar",15,15,15,3,0.481,R,3,0,3,TOR,100.0,100.0,20.0
"Holderman, Colin",16,15,15,1,0.35,R,4,1,0,SEA,93.8,93.8,6.2
"Holman, Grant",11,11,11,1,0.303,R,2,0,1,LAA,100.0,100.0,9.1
"Holmes, Clay",69,65,65,4,0.314,R,19,1,3,SF,94.2,94.2,5.8
"Holmes, Grant",65,63,63,7,0.342,R,12,4,3,AZ,96.9,96.9,10.8
"Holton, Tyler",43,42,42,3,0.27,R,7,2,1,STL,97.7,97.7,7.0
"Horton, Cade",78,77,77,8,0.31,L,14,4,4,WSH,98.7,98.7,10.3
"Houck, Tanner",33,35,35,5,0.384,R,8,1,4,DET,106.1,106.1,15.2
"Houser, Adrian",89,87,87,9,0.335,R,18,7,2,PHI,97.8,97.8,10.1
"Hurter, Brant",42,37,37,2,0.319,L,10,2,0,SD,88.1,88.1,4.8
"Iglesias, Raisel",34,35,35,6,0.273,R,4,3,3,ATH,102.9,102.9,17.6
"Imanaga, Shota",79,79,79,14,0.33,R,12,9,5,CLE,100.0,100.0,17.7
"Irvin, Jake",108,107,107,13,0.343,L,25,6,7,LAD,99.1,99.1,12.0
"Jackson, Luke",40,39,39,1,0.308,R,11,1,0,TOR,97.5,97.5,2.5
"Jacob, Alek",17,16,16,2,0.459,R,4,1,1,BAL,94.1,94.1,11.8
"Jansen, Kenley",26,26,26,1,0.245,L,5,1,0,KC,100.0,100.0,3.8
"Jarvis, Bryce",10,9,9,1,0.393,L,2,1,0,MIL,90.0,90.0,10.0
"Javier, Cristian",33,31,31,3,0.354,L,9,2,1,ATH,93.9,93.9,9.1
"Jax, Griffin",38,38,37,3,0.364,L,9,2,1,MIN,100.0,97.4,7.9
"Jobe, Jackson",30,30,30,5,0.366,R,5,2,3,SF,100.0,100.0,16.7
"Johnson, Pierce",26,27,27,3,0.412,R,7,1,2,PIT,103.8,103.8,11.5
"Johnson, Ryan",11,11,11,2,0.246,L,5,1,1,CHC,100.0,100.0,18.2
"Junis, Jakob",42,38,38,3,0.368,R,10,3,0,SEA,90.5,90.5,7.1
"Junk, Janson",79,78,78,8,0.329,R,13,6,2,CIN,98.7,98.7,10.1
"Kahnle, Tommy",28,27,27,0,0.2,L,5,0,0,SEA,96.4,96.4,0.0
"Kay, Anthony",12,11,11,2,0.325,R,1,0,2,TOR,91.7,91.7,16.7
"Keller, Brad",36,35,35,2,0.309,L,10,2,0,COL,97.2,97.2,5.6
"Keller, Mitch",97,93,93,12,0.288,R,16,7,5,BAL,95.9,95.9,12.4
"Kelly, Kevin",31,31,31,4,0.441,R,9,1,3,MIN,100.0,100.0,12.9
"Kelly, Merrill",96,99,99,11,0.367,L,19,7,4,CLE,103.1,103.1,11.5
"Kelly, Michael",18,17,17,1,0.296,R,1,1,0,HOU,94.4,94.4,5.6
"Kelly, Zack",24,25,25,0,0.24,R,4,0,0,SD,104.2,104.2,0.0
"Kent, Zak",13,13,13,1,0.438,R,4,1,0,BOS,100.0,100.0,7.7
"Kerkering, Orion",24,23,23,0,0.362,R,2,0,0,LAD,95.8,95.8,0.0
"Kershaw, Clayton",48,48,48,8,0.257,R,3,5,3,PHI,100.0,100.0,16.7
"Kikuchi, Yusei",99,98,98,14,0.326,R,18,10,4,CHC,99.0,99.0,14.1
"King, Bryan",36,35,35,2,0.244,R,6,0,2,ATH,97.2,97.2,5.6
"King, John",38,38,38,2,0.25,L,8,1,1,CWS,100.0,100.0,5.3
"King, Michael",36,37,37,5,0.355,L,8,2,3,BOS,102.8,102.8,13.9
"Kinley, Tyler",29,29,29,1,0.289,R,6,1,0,AZ,100.0,100.0,3.4
"Kirby, George",80,77,76,10,0.372,R,16,6,4,NYY,96.2,95.0,12.5
"Kittredge, Andrew",31,31,31,6,0.36,L,6,3,3,MIL,100.0,100.0,19.4
"Klein, Will",13,13,13,2,0.354,L,2,2,0,TOR,100.0,100.0,15.4
"Knack, Landon",18,18,18,5,0.369,R,2,1,4,NYM,100.0,100.0,27.8
"Kochanowicz, Jack",94,92,92,10,0.41,L,28,4,6,SEA,97.9,97.9,10.6
"Koenig, Jared",34,34,34,5,0.346,R,6,4,1,KC,100.0,100.0,14.7
"Kolek, Stephen",70,67,67,5,0.337,L,15,1,4,LAA,95.7,95.7,7.1
"Kowar, Jackson",10,9,9,2,0.262,L,0,1,1,PIT,90.0,90.0,20.0
"Kranick, Max",19,19,19,2,0.338,L,3,0,2,TB,100.0,100.0,10.5
"Kremer, Dean",86,92,92,10,0.332,R,21,4,6,NYY,107.0,107.0,11.6
"La Sorsa, Joe",10,9,9,2,0.286,L,2,1,1,BOS,90.0,90.0,20.0
"Lara, Andry",19,19,19,3,0.482,R,10,3,0,ATH,100.0,100.0,15.8
"Latz, Jacob",36,36,36,3,0.228,R,5,2,1,MIL,100.0,100.0,8.3
"Lauer, Eric",47,46,46,5,0.298,R,9,4,1,CWS,97.9,97.9,10.6
"Lawrence, Casey",12,12,12,1,0.425,R,6,1,0,COL,100.0,100.0,8.3
"Lazar, Max",17,17,17,0,0.263,R,3,0,0,MIN,100.0,100.0,0.0
"Leahy, Kyle",64,64,64,4,0.339,R,16,2,2,DET,100.0,100.0,6.2
"Leasure, Jordan",26,26,26,5,0.288,R,2,1,4,TOR,100.0,100.0,19.2
"Lee, Chase",11,11,11,2,0.334,R,2,2,0,MIN,100.0,100.0,18.2
"Lee, Dylan",22,22,22,1,0.207,R,6,0,1,AZ,100.0,100.0,4.5
"Legumina, Casey",29,29,29,7,0.326,L,3,4,3,LAA,100.0,100.0,24.1
"Leiter Jr., Mark",24,23,23,2,0.39,R,6,2,0,ATL,95.8,95.8,8.3
"Leiter, Jack",86,85,85,8,0.317,R,15,4,4,CIN,98.8,98.8,9.3
"Liberatore, Matthew",104,102,102,12,0.304,R,20,8,4,NYM,98.1,98.1,11.5
"Littell, Zack",119,117,117,17,0.288,R,15,9,8,STL,98.3,98.3,14.3
"Little, Brendon",30,29,29,2,0.297,L,6,2,0,COL,96.7,96.7,6.7
"Lively, Ben",15,19,19,3,0.264,R,2,2,1,MIL,126.7,126.7,20.0
"Lodolo, Nick",87,84,84,14,0.357,R,19,7,7,CLE,96.6,96.6,16.1
"Long, Sam",22,21,21,2,0.384,L,7,1,1,ATH,95.5,95.5,9.1
"Lopez, Jacob",39,38,38,7,0.31,R,10,3,4,ATL,97.4,97.4,17.9
"Lord, Brad",72,72,72,8,0.373,R,16,5,3,STL,100.0,100.0,11.1
"Lorenzen, Michael",82,81,81,12,0.37,R,20,6,6,PHI,98.8,98.8,14.6
"Loáisiga, Jonathan",21,21,21,4,0.341,R,6,2,2,LAD,100.0,100.0,19.0
"Lucas, Easton",16,16,16,6,0.45,R,4,4,2,BAL,100.0,100.0,37.5
"Lucchesi, Joey",23,23,23,1,0.317,L,5,1,0,SEA,100.0,100.0,4.3
"Lugo, Seth",89,89,89,12,0.339,L,9,5,7,MIL,100.0,100.0,13.5
"Luzardo, Jesús",107,106,106,12,0.329,R,26,7,5,COL,99.1,99.1,11.2
"Lynch IV, Daniel",27,25,25,2,0.219,L,5,1,1,SEA,92.6,92.6,7.4
"López, Jorge",10,9,9,0,0.45,L,3,0,0,SEA,90.0,90.0,0.0
"López, Pablo",28,28,28,5,0.452,R,6,2,3,CLE,100.0,100.0,17.9
"López, Reynaldo",15,15,15,3,0.397,L,3,0,3,AZ,100.0,100.0,20.0
"Mahle, Tyler",50,50,50,5,0.346,R,12,3,2,NYM,100.0,100.0,10.0
"Manaea, Sean",23,21,21,2,0.321,R,5,0,2,WSH,91.3,91.3,8.7
"Mantiply, Joe",11,12,12,2,0.267,L,4,0,2,MIA,109.1,109.1,18.2
"Marinaccio, Ron",14,14,14,1,0.062,R,2,1,0,BOS,100.0,100.0,7.1
"Martin, Chris",35,34,34,1,0.353,R,12,0,1,CIN,97.1,97.1,2.9
"Martin, Corbin",15,15,15,4,0.49,L,3,3,1,AZ,100.0,100.0,26.7
"Martin, Davis",84,82,82,11,0.362,R,14,7,4,TOR,97.6,97.6,13.1
"Martinez, Nick",98,98,98,16,0.341,R,18,9,7,MIN,100.0,100.0,16.3
"Maton, Phil",23,22,22,1,0.335,L,7,1,0,TB,95.7,95.7,4.3
"Matsui, Yuki",28,27,27,1,0.234,R,3,0,1,AZ,96.4,96.4,3.6
"Matthews, Zebby",58,58,58,6,0.359,L,17,3,3,BOS,100.0,100.0,10.3
"Mattson, Isaac",30,30,30,2,0.283,R,3,1,1,CIN,100.0,100.0,6.7
"Matz, Steven",38,37,37,5,0.306,L,8,4,1,MIN,97.4,97.4,13.2
"May, Dustin",78,74,74,9,0.43,R,17,3,6,DET,94.9,94.9,11.5
"Mazur, Adam",21,20,20,1,0.378,L,5,0,1,TEX,95.2,95.2,4.8
"McCullers Jr., Lance",29,29,28,4,0.35,R,9,2,2,ATH,100.0,96.6,13.8
"McGee, Easton",10,10,10,1,0.392,L,3,1,0,SEA,100.0,100.0,10.0
"McGough, Scott",15,15,15,4,0.356,L,2,0,4,HOU,100.0,100.0,26.7
"McGreevy, Michael",69,68,68,6,0.288,R,10,3,3,DET,98.6,98.6,8.7
"McLean, Nolan",20,19,19,1,0.416,L,7,0,1,SF,95.0,95.0,5.0
"Mears, Nick",30,30,30,2,0.294,L,4,2,0,MIL,100.0,100.0,6.7
"Megill, Trevor",27,27,27,5,0.416,L,4,4,1,TB,100.0,100.0,18.5
"Megill, Tylor",30,28,28,2,0.251,L,7,2,0,TB,93.3,93.3,6.7
"Mejia, Juan",20,20,20,2,0.355,L,3,2,0,MIA,100.0,100.0,10.0
"Melton, Troy",30,30,30,7,0.366,L,5,3,4,SEA,100.0,100.0,23.3
"Messick, Parker",35,35,35,2,0.295,R,9,0,2,LAD,100.0,100.0,5.7
"Meyer, Max",47,46,46,3,0.333,R,14,1,2,NYY,97.9,97.9,6.4
"Mikolas, Miles",102,102,102,9,0.317,R,20,4,5,LAD,100.0,100.0,8.8
"Miller, Bryce",59,59,59,7,0.375,R,14,4,3,TOR,100.0,100.0,11.9
"Miller, Erik",19,20,20,2,0.27,R,4,2,0,NYY,105.3,105.3,10.5
"Miller, Mason",22,21,21,6,0.384,L,3,2,4,MIL,95.5,95.5,27.3
"Miller, Shelby",22,22,22,2,0.288,R,4,1,1,PHI,100.0,100.0,9.1
"Milner, Hoby",27,26,26,4,0.327,R,6,4,0,CLE,96.3,96.3,14.8
"Misiorowski, Jacob",34,33,33,5,0.376,R,9,2,3,TB,97.1,97.1,14.7
"Mize, Casey",98,97,97,17,0.344,L,19,12,5,MIN,99.0,99.0,17.3
"Mlodzinski, Carmen",46,45,45,8,0.425,L,12,7,1,BAL,97.8,97.8,17.4
"Molina, Anthony",17,16,16,2,0.414,L,4,1,1,SEA,94.1,94.1,11.8
"Moll, Sam",13,11,11,1,0.195,L,1,1,0,BOS,84.6,84.6,7.7
"Montas, Frankie",21,21,21,3,0.386,L,6,1,2,SEA,100.0,100.0,14.3
"Montero, Keider",49,46,46,6,0.342,R,10,4,2,STL,93.9,93.9,12.2
"Montero, Rafael",21,22,22,2,0.3,R,4,2,0,SEA,104.8,104.8,9.5
"Montgomery, Mason",22,22,22,3,0.404,R,7,3,0,BAL,100.0,100.0,13.6
"Morales, Luis",29,29,29,4,0.373,L,7,1,3,HOU,100.0,100.0,13.8
"Morejon, Adrian",48,48,48,3,0.323,R,8,1,2,DET,100.0,100.0,6.2
"Morgan, David",32,32,32,2,0.265,R,4,1,1,SF,100.0,100.0,6.2
"Morillo, Juan",28,27,27,2,0.305,R,9,2,0,ATL,96.4,96.4,7.1
"Morton, Charlie",75,74,73,11,0.332,R,17,3,8,PIT,98.7,97.3,14.7
"Murphy, Chris",20,17,17,1,0.482,R,8,0,1,TOR,85.0,85.0,5.0
"Muñoz, Andrés",21,20,20,1,0.355,L,7,1,0,CLE,95.2,95.2,4.8
"Muñoz, Roddery",10,10,10,2,0.371,R,2,0,2,ATH,100.0,100.0,20.0
"Myers, Tobias",41,39,39,1,0.34,R,12,1,0,SF,95.1,95.1,2.4
"Márquez, Germán",107,104,103,11,0.331,R,23,7,4,PIT,97.2,96.3,10.3
"Nance, Tommy",17,17,17,1,0.365,R,4,0,1,LAD,100.0,100.0,5.9
"Nelson, Ryne",94,92,92,11,0.306,L,16,8,3,ATL,97.9,97.9,11.7
"Neris, Héctor",11,10,10,3,0.24,L,0,1,2,LAD,90.9,90.9,27.3
"Newcomb, Sean",35,34,34,3,0.372,R,10,2,1,MIL,97.1,97.1,8.6
"Nicolas, Kyle",18,18,18,4,0.393,R,2,2,2,CHC,100.0,100.0,22.2
"Nola, Aaron",49,49,49,11,0.351,R,10,3,8,COL,100.0,100.0,22.4
"O'Brien, Riley",26,25,25,1,0.344,R,9,1,0,DET,96.2,96.2,3.8
"Ober, Bailey",87,85,85,19,0.333,R,11,10,9,TB,97.7,97.7,21.8
"Ogasawara, Shinnosuke",17,18,18,0,0.354,R,9,0,0,CWS,105.9,105.9,0.0
"Ohl, Pierson",14,14,14,1,0.36,L,4,1,0,PHI,100.0,100.0,7.1
"Ohtani, Shohei",30,30,30,5,0.389,R,8,3,2,CLE,100.0,100.0,16.7
"Okert, Steven",30,29,29,1,0.251,R,4,0,1,ATH,96.7,96.7,3.3
"Olson, Reese",36,35,35,3,0.353,R,9,1,2,TOR,97.2,97.2,8.3
"Ort, Kaleb",24,24,24,4,0.314,R,3,2,2,LAA,100.0,100.0,16.7
"Ortiz, Luis",34,34,34,4,0.352,L,10,3,1,STL,100.0,100.0,11.8
"Orze, Eric",26,25,25,5,0.267,R,4,3,2,TB,96.2,96.2,19.2
"Oviedo, Johan",26,24,24,6,0.381,L,2,3,3,HOU,92.3,92.3,23.1
"Paddack, Chris",110,110,110,15,0.356,R,22,6,9,NYY,100.0,100.0,13.6
"Pagán, Emilio",37,37,37,8,0.262,R,3,4,4,BOS,100.0,100.0,21.6
"Palencia, Daniel",25,24,24,2,0.365,R,7,0,2,LAA,96.0,96.0,8.0
"Pallante, Andre",107,107,107,13,0.301,R,24,8,5,WSH,100.0,100.0,12.1
"Palmquist, Carson",17,17,17,4,0.314,R,3,2,2,TOR,100.0,100.0,23.5
"Parker, Mitchell",100,96,96,10,0.34,R,18,7,3,CWS,96.0,96.0,10.0
"Patrick, Chad",80,79,79,6,0.317,R,13,2,4,KC,98.8,98.8,7.5
"Payamps, Joel",20,19,19,2,0.321,R,4,2,0,AZ,95.0,95.0,10.0
"Peguero, Joel",10,10,10,0,0.282,R,0,0,0,COL,100.0,100.0,0.0
"Pepiot, Ryan",91,89,89,9,0.298,R,15,6,3,NYY,97.8,97.8,9.9
"Peralta, Freddy",80,82,82,12,0.281,L,14,7,5,STL,102.5,102.5,15.0
"Peralta, Luis",14,14,14,4,0.425,R,3,2,2,SF,100.0,100.0,28.6
"Peralta, Sammy",11,11,11,0,0.268,R,3,0,0,SEA,100.0,100.0,0.0
"Peralta, Wandy",48,48,48,4,0.413,R,8,3,1,BOS,100.0,100.0,8.3
"Perkins, Jack",19,19,19,1,0.289,R,5,1,0,MIN,100.0,100.0,5.3
"Petersen, Michael",16,16,16,1,0.337,L,1,1,0,NYY,100.0,100.0,6.2
"Peterson, David",105,103,103,12,0.365,R,21,10,2,SF,98.1,98.1,11.4
"Pfaadt, Brandon",104,102,102,16,0.334,L,20,11,5,ATL,98.1,98.1,15.4
"Phillips, Connor",13,13,13,1,0.362,R,4,0,1,BOS,100.0,100.0,7.7
"Phillips, Tyler",42,40,40,2,0.291,R,9,1,1,CIN,95.2,95.2,4.8
"Pilkington, Konnor",14,12,12,3,0.469,R,3,2,1,CWS,85.7,85.7,21.4
"Pivetta, Nick",91,91,91,12,0.352,R,23,5,7,SF,100.0,100.0,13.2
"Pomeranz, Drew",27,26,26,2,0.455,R,10,0,2,CHC,96.3,96.3,7.4
"Pop, Zach",12,12,12,3,0.284,R,0,2,1,WSH,100.0,100.0,25.0
"Poulin, PJ",17,17,17,1,0.358,R,4,1,0,PHI,100.0,100.0,5.9
"Povich, Cade",46,46,46,4,0.305,R,9,3,1,PIT,100.0,100.0,8.7
"Pressly, Ryan",29,30,30,3,0.296,L,3,1,2,MIL,103.4,103.4,10.3
"Priester, Quinn",90,88,88,10,0.326,R,18,5,5,LAD,97.8,97.8,11.1
"Pérez, Cionel",15,15,15,4,0.296,L,3,2,2,PHI,100.0,100.0,26.7
"Pérez, Eury",40,38,38,6,0.261,R,3,4,2,NYY,95.0,95.0,15.0
"Pérez, Martín",33,31,31,2,0.38,R,8,1,1,AZ,93.9,93.9,6.1
"Quantrill, Cal",61,60,60,11,0.366,R,12,6,5,PHI,98.4,98.4,18.0
"Quintana, Jose",83,85,85,8,0.361,R,18,4,4,MIA,102.4,102.4,9.6
"Ragans, Cole",37,44,44,6,0.326,R,9,4,2,MIN,118.9,118.9,16.2
"Ramírez, Yohan",14,12,12,6,0.449,R,2,5,1,TB,85.7,85.7,42.9
"Rasmussen, Drew",84,85,85,8,0.306,R,19,2,6,MIL,101.2,101.2,9.5
"Ray, Robbie",84,82,82,13,0.261,R,9,9,4,NYY,97.6,97.6,15.5
"Rea, Colin",101,102,102,12,0.349,L,20,5,7,CLE,101.0,101.0,11.9
"Reynolds, Sean",12,10,10,1,0.26,R,1,1,0,BAL,83.3,83.3,8.3
"Ribalta, Orlando",15,15,15,3,0.116,R,2,2,1,MIA,100.0,100.0,20.0
"Richardson, Lyon",24,23,23,4,0.363,R,2,4,0,TOR,95.8,95.8,16.7
"Rocker, Kumar",34,33,33,2,0.334,R,10,1,1,CIN,97.1,97.1,5.9
"Rodriguez, Carlos",10,10,10,2,0.317,L,2,1,1,SEA,100.0,100.0,20.0
"Rodriguez, Eduardo",105,105,105,9,0.305,R,27,6,3,ATL,100.0,100.0,8.6
"Rodríguez, Elvin",12,13,13,4,0.406,R,2,1,3,PHI,108.3,108.3,33.3
"Rodríguez, Manuel",16,16,16,2,0.313,R,2,1,1,MIA,100.0,100.0,12.5
"Rodríguez, Randy",21,21,21,1,0.274,L,3,1,0,MIL,100.0,100.0,4.8
"Rodríguez, Yariel",29,26,26,2,0.317,R,7,1,1,NYY,89.7,89.7,6.9
"Rodón, Carlos",82,80,80,6,0.239,R,13,5,1,BOS,97.6,97.6,7.3
"Rogers, Taylor",26,26,26,2,0.28,L,3,2,0,BAL,100.0,100.0,7.7
"Rogers, Trevor",65,64,64,2,0.31,R,20,1,1,TEX,98.5,98.5,3.1
"Rogers, Tyler",58,58,58,2,0.263,R,12,2,0,COL,100.0,100.0,3.4
"Rolison, Ryan",34,34,34,3,0.317,R,8,2,1,AZ,100.0,100.0,8.8
"Romano, Jordan",26,26,26,4,0.322,R,5,1,3,HOU,100.0,100.0,15.4
"Romero, JoJo",26,25,25,2,0.341,R,5,1,1,DET,96.2,96.2,7.7
"Ross, Joe",34,33,33,4,0.373,R,9,4,0,DET,97.1,97.1,11.8
"Roupp, Landen",64,62,62,6,0.281,R,11,5,1,NYM,96.9,96.9,9.4
"Roycroft, Chris",17,17,17,2,0.363,R,3,2,0,DET,100.0,100.0,11.8
"Ruiz, José",11,11,11,0,0.258,R,5,0,0,COL,100.0,100.0,0.0
"Rutledge, Jackson",28,27,27,0,0.322,L,9,0,0,CWS,96.4,96.4,0.0
"Ryan, Joe",85,82,82,15,0.315,R,13,9,6,DET,96.5,96.5,17.6
"Saalfrank, Andrew",12,12,12,1,0.282,R,3,0,1,LAD,100.0,100.0,8.3
"Sabrowski, Erik",13,12,12,0,0.221,L,1,0,0,SEA,92.3,92.3,0.0
"Salazar, Eduardo",20,21,21,4,0.397,R,7,2,2,BOS,105.0,105.0,20.0
"Sale, Chris",66,62,62,6,0.346,R,12,2,4,LAA,93.9,93.9,9.1
"Sands, Cole",39,37,37,5,0.345,L,5,3,2,BAL,94.9,94.9,12.8
"Sanoja, Javier",12,12,12,2,0.128,R,1,0,2,PHI,100.0,100.0,16.7
"Santana, Dennis",40,39,39,2,0.268,R,4,2,0,BAL,97.5,97.5,5.0
"Santillan, Tony",40,39,39,5,0.312,L,5,3,2,MIA,97.5,97.5,12.5
"Sasaki, Roki",30,29,29,2,0.32,R,5,1,1,WSH,96.7,96.7,6.7
"Saucedo, Tayler",10,10,10,2,0.284,R,0,2,0,TB,100.0,100.0,20.0
"Sauer, Matt",21,21,21,2,0.33,R,5,1,1,SD,100.0,100.0,9.5
"Scherzer, Max",65,65,65,12,0.379,L,10,4,8,LAD,100.0,100.0,18.5
"Schlittler, Cam",52,48,48,5,0.312,L,8,3,2,SEA,92.3,92.3,9.6
"Schmidt, Clarke",33,33,33,4,0.257,R,6,1,3,TOR,100.0,100.0,12.1
"Schreiber, John",32,31,31,3,0.297,R,7,1,2,LAD,96.9,96.9,9.4
"Schultz, Paxton",11,11,11,0,0.196,R,1,0,0,BOS,100.0,100.0,0.0
"Schwellenbach, Spencer",59,60,60,9,0.339,R,8,4,5,PHI,101.7,101.7,15.3
"Scott, Tanner",32,31,31,2,0.343,R,8,2,0,KC,96.9,96.9,6.2
"Scott, Tayler",19,19,19,3,0.36,L,1,2,1,DET,100.0,100.0,15.8
"Sears, JP",71,70,70,20,0.378,R,8,9,11,AZ,98.6,98.6,28.2
"Senga, Kodai",67,65,65,10,0.326,L,9,6,4,SF,97.0,97.0,14.9
"Senzatela, Antonio",94,92,92,13,0.334,L,18,8,5,MIA,97.9,97.9,13.8
"Severino, Luis",91,90,90,13,0.343,R,18,5,8,TOR,98.9,98.9,14.3
"Sewald, Paul",11,11,11,0,0.115,R,0,0,0,CLE,100.0,100.0,0.0
"Seymour, Carson",14,14,14,2,0.27,L,3,1,1,LAD,100.0,100.0,14.3
"Seymour, Ian",28,26,26,2,0.339,R,6,2,0,CHC,92.9,92.9,7.1
"Sheehan, Emmet",44,44,44,3,0.405,R,7,2,1,WSH,100.0,100.0,6.8
"Shugart, Chase",18,17,17,2,0.282,R,3,2,0,MIL,94.4,94.4,11.1
"Shuster, Jared",17,16,16,1,0.393,R,5,1,0,DET,94.1,94.1,5.9
"Simpson, Josh",18,17,17,3,0.349,R,3,2,1,WSH,94.4,94.4,16.7
"Sims, Lucas",13,11,11,2,0.348,L,2,1,1,BAL,84.6,84.6,15.4
"Singer, Brady",99,94,94,11,0.287,R,14,7,4,TEX,94.9,94.9,11.1
"Skenes, Paul",92,91,91,14,0.357,L,22,10,4,CIN,98.9,98.9,15.2
"Skubal, Tarik",109,107,107,14,0.282,R,13,7,7,AZ,98.2,98.2,12.8
"Slaten, Justin",29,28,28,1,0.27,R,5,0,1,SD,96.6,96.6,3.4
"Smith, Cade",37,33,33,7,0.321,R,5,6,1,SF,89.2,89.2,18.9
"Smith, Shane",71,67,67,7,0.278,R,8,6,1,MIA,94.4,94.4,9.9
"Smith-Shawver, AJ",26,30,30,4,0.414,L,3,2,2,PHI,115.4,115.4,15.4
"Snell, Blake",42,42,42,5,0.376,R,11,3,2,TOR,100.0,100.0,11.9
"Snider, Collin",14,14,14,4,0.344,L,1,4,0,BAL,100.0,100.0,28.6
"Soriano, George",17,17,17,1,0.434,R,7,0,1,DET,100.0,100.0,5.9
"Soriano, José",93,91,91,10,0.311,L,25,6,4,ATL,97.8,97.8,10.8
"Soroka, Michael",53,51,51,6,0.337,L,12,3,3,ATL,96.2,96.2,11.3
"Soto, Gregory",33,31,31,1,0.341,R,9,1,0,NYM,93.9,93.9,3.0
"Sousa, Bennett",19,19,19,4,0.362,R,5,3,1,BAL,100.0,100.0,21.1
"Speier, Gabe",45,43,43,3,0.303,R,9,2,1,LAA,95.6,95.6,6.7
"Spence, Mitch",53,53,53,11,0.381,L,10,7,4,KC,100.0,100.0,20.8
"Springs, Jeffrey",90,88,88,12,0.335,R,13,4,8,HOU,97.8,97.8,13.3
"Sproat, Brandon",20,20,20,3,0.328,R,5,0,3,KC,100.0,100.0,15.0
"Stanek, Ryne",33,33,33,4,0.397,R,11,2,2,NYM,100.0,100.0,12.1
"Sterner, Justin",26,26,26,4,0.339,R,6,3,1,HOU,100.0,100.0,15.4
"Stewart, Brock",19,18,18,1,0.278,R,5,0,1,COL,94.7,94.7,5.3
"Strahm, Matt",34,33,33,1,0.244,R,9,1,0,ATL,97.1,97.1,2.9
"Stratton, Chris",12,12,12,2,0.358,L,3,1,1,NYY,100.0,100.0,16.7
"Stratton, Hunter",15,13,13,0,0.352,R,3,0,0,DET,86.7,86.7,0.0
"Strickland, Hunter",18,18,18,2,0.243,L,4,2,0,CIN,100.0,100.0,11.1
"Strider, Spencer",57,55,55,8,0.34,L,12,6,2,PIT,96.5,96.5,14.0
"Stroman, Marcus",25,25,25,5,0.331,L,7,4,1,TB,100.0,100.0,20.0
"Suarez, José",18,18,18,2,0.321,R,4,2,0,ATH,100.0,100.0,11.1
"Suarez, Ranger",110,109,109,8,0.343,R,30,3,5,SD,99.1,99.1,7.3
"Suarez, Robert",36,36,36,0,0.323,R,11,0,0,ATH,100.0,100.0,0.0
"Sugano, Tomoyuki",98,98,98,15,0.328,R,16,9,6,PHI,100.0,100.0,15.3
"Sulser, Cole",13,13,13,0,0.281,L,3,0,0,MIN,100.0,100.0,0.0
"Suter, Brent",39,38,38,2,0.37,R,12,0,2,HOU,97.4,97.4,5.1
"Svanson, Matt",30,29,29,4,0.282,R,3,1,3,WSH,96.7,96.7,13.3
"Sánchez, Cristopher",124,122,122,7,0.289,R,30,7,0,WSH,98.4,98.4,5.6
"Taillon, Jameson",87,92,92,16,0.323,R,15,8,8,TB,105.7,105.7,18.4
"Taylor, Grant",20,20,20,1,0.374,L,4,1,0,TOR,100.0,100.0,5.0
"Teng, Kai-Wei",23,22,22,0,0.376,L,7,0,0,ATH,95.7,95.7,0.0
"Thielbar, Caleb",25,25,25,3,0.263,R,5,3,0,WSH,100.0,100.0,12.0
"Thompson, Ryan",22,22,22,2,0.43,L,9,2,0,LAD,100.0,100.0,9.1
"Thornton, Trent",27,25,25,2,0.333,R,7,0,2,TEX,92.6,92.6,7.4
"Tidwell, Blade",11,11,11,0,0.384,L,4,0,0,NYM,100.0,100.0,0.0
"Tong, Jonah",10,9,9,2,0.195,L,3,2,0,HOU,90.0,90.0,20.0
"Tonkin, Michael",11,9,9,1,0.172,R,0,1,0,PHI,81.8,81.8,9.1
"Topa, Justin",40,38,38,5,0.377,R,5,5,0,TB,95.0,95.0,12.5
"Treinen, Blake",17,16,16,1,0.227,R,6,0,1,AZ,94.1,94.1,5.9
"Trivino, Lou",20,20,20,3,0.388,L,6,1,2,DET,100.0,100.0,15.0
"Uceta, Edwin",36,31,31,5,0.289,R,4,3,2,TOR,86.1,86.1,13.9
"Ureña, José",37,36,36,8,0.457,L,3,5,3,KC,97.3,97.3,21.6
"Uribe, Abner",27,26,26,1,0.303,R,7,1,0,TEX,96.3,96.3,3.7
"Valdez, Framber",122,120,120,5,0.329,R,32,4,1,STL,98.4,98.4,4.1
"Vargas, Carlos",52,49,49,4,0.278,R,16,4,0,TOR,94.2,94.2,7.7
"Varland, Louis",50,50,50,8,0.342,L,9,5,3,ATH,100.0,100.0,16.0
"Vasil, Mike",34,30,30,1,0.325,L,7,0,1,WSH,88.2,88.2,2.9
"Veneziano, Anthony",15,15,15,2,0.323,L,3,1,1,TB,100.0,100.0,13.3
"Verlander, Justin",78,79,79,13,0.349,R,18,11,2,AZ,101.3,101.3,16.7
"Vesia, Alex",21,20,20,3,0.331,R,4,1,2,KC,95.2,95.2,14.3
"Vest, Will",35,35,35,2,0.223,R,8,1,1,SD,100.0,100.0,5.7
"Vodnik, Victor",26,25,25,1,0.367,L,8,0,1,PHI,96.2,96.2,3.8
"Vásquez, Randy",72,74,74,6,0.307,L,12,2,4,BOS,102.8,102.8,8.3
"Wacha, Michael",120,120,120,15,0.344,R,24,9,6,CLE,100.0,100.0,12.5
"Waddell, Brandon",20,20,20,3,0.373,R,2,1,2,MIA,100.0,100.0,15.0
"Waldrep, Hurston",24,25,25,2,0.301,L,4,1,1,WSH,104.2,104.2,8.3
"Walker, Ryan",32,29,29,6,0.295,L,1,6,0,KC,90.6,90.6,18.8
"Walker, Taijuan",81,79,79,5,0.298,L,14,2,3,COL,97.5,97.5,6.2
"Walter, Brandon",23,22,22,1,0.32,R,4,0,1,AZ,95.7,95.7,4.3
"Warren, Will",105,107,107,19,0.402,L,28,8,11,MIA,101.9,101.9,18.1
"Weathers, Ryan",26,26,26,2,0.302,R,5,1,1,MIA,100.0,100.0,7.7
"Weaver, Luke",32,32,32,1,0.362,R,9,1,0,PIT,100.0,100.0,3.1
"Webb, Jacob",38,41,41,5,0.246,R,4,1,4,WSH,107.9,107.9,13.2
"Webb, Logan",125,128,128,15,0.434,L,43,11,4,NYM,102.4,102.4,12.0
"Weissert, Greg",26,24,24,6,0.317,R,3,3,3,SD,92.3,92.3,23.1
"Wentz, Joey",54,54,54,7,0.328,R,13,5,2,PIT,100.0,100.0,13.0
"Wesneski, Hayden",25,24,24,1,0.227,R,4,0,1,MIL,96.0,96.0,4.0
"Wheeler, Zack",56,55,55,8,0.32,L,9,4,4,WSH,98.2,98.2,14.3
"Whisenhunt, Carson",14,14,14,2,0.431,R,3,1,1,CHC,100.0,100.0,14.3
"Whitley, Forrest",12,12,12,5,0.543,R,2,3,2,DET,100.0,100.0,41.7
"Whitlock, Garrett",30,30,30,2,0.347,R,6,2,0,HOU,100.0,100.0,6.7
"Wicks, Jordan",10,10,10,0,0.347,L,5,0,0,STL,100.0,100.0,0.0
"Williams, Devin",19,19,19,2,0.311,L,3,2,0,PIT,100.0,100.0,10.5
"Williams, Gavin",91,90,90,8,0.327,R,17,2,6,LAD,98.9,98.9,8.8
"Williams, Trevor",45,50,50,5,0.374,R,14,3,2,DET,111.1,111.1,11.1
"Wilson, Bryse",30,29,29,4,0.412,R,10,3,1,MIN,96.7,96.7,13.3
"Wilson, Justin",23,22,22,4,0.319,R,5,4,0,NYY,95.7,95.7,17.4
"Wilson, Steven",23,23,23,1,0.29,R,9,1,0,BAL,100.0,100.0,4.3
"Winn, Cole",28,26,26,4,0.343,R,2,3,1,CIN,92.9,92.9,14.3
"Wolfram, Grant",19,18,18,4,0.394,R,3,3,1,TEX,94.7,94.7,21.1
"Woo, Bryan",128,127,127,14,0.344,L,28,6,8,LAA,99.2,99.2,10.9
"Woodford, Jake",30,30,30,2,0.413,R,9,1,1,CWS,100.0,100.0,6.7
"Woodruff, Brandon",46,44,44,8,0.262,L,6,4,4,BOS,95.7,95.7,17.4
"Woods Richardson, Simeon",53,52,52,5,0.356,R,11,2,3,TB,98.1,98.1,9.4
"Wrobleski, Justin",45,44,44,7,0.406,R,6,3,4,TOR,97.8,97.8,15.6
"Yamamoto, Yoshinobu",91,88,88,7,0.34,R,15,4,3,CLE,96.7,96.7,7.7
"Yarbrough, Ryan",38,36,36,4,0.381,R,9,1,3,MIA,94.7,94.7,10.5
"Yates, Kirby",17,17,17,1,0.286,L,2,1,0,SF,100.0,100.0,5.9
"Yesavage, Trey",21,21,21,1,0.368,R,6,0,1,LAD,100.0,100.0,4.8
"Young, Brandon",37,37,37,4,0.341,L,9,2,2,CWS,100.0,100.0,10.8
"Zeferjahn, Ryan",27,26,26,7,0.402,R,3,2,5,SEA,96.3,96.3,25.9
"Zerpa, Angel",28,27,27,4,0.285,L,6,3,1,KC,96.4,96.4,14.3
"deGrom, Jacob",87,85,84,4,0.32,R,17,1,3,SEA,97.7,96.6,4.6
